split,loss,accuracy,precision,recall,f1,dice,iou,dice_loss
test,0.6804760813713073,0.8478530883789063,0.7514031847449043,0.7121347184924924,0.7284441311801619,0.7284441808879429,0.6050660618470087,0.27155581911205706
