split,loss,accuracy,precision,recall,f1,dice,iou,dice_loss
test,0.6760796666145324,0.85018310546875,0.7567297875821162,0.7116497341290909,0.7299205352252987,0.7299205848517802,0.6070635307071797,0.27007941514821976
