split,loss,accuracy,precision,recall,f1,dice,iou,dice_loss
test,0.9347111821174622,0.788800048828125,0.5992794740558041,0.5553348058960795,0.5607625985173538,0.5607626456683177,0.4602343439996681,0.4392373543316823
