split,loss,accuracy,precision,recall,f1,dice,iou,dice_loss
test,1.0796296000480652,0.8289962768554687,0.5795598882246609,0.29898190693802246,0.3944670630285871,0.39446710792900475,0.24569232426012594,0.6055328920709953
