split,loss,accuracy,precision,recall,f1,dice,iou,dice_loss
test,0.7460351467132569,0.8485382080078125,0.763663696344334,0.6744928770310249,0.7025373900190042,0.7025374384795383,0.5822913536880032,0.2974625615204617
