split,loss,accuracy,precision,recall,f1,dice,iou,dice_loss
test,0.7376308619976044,0.845343017578125,0.7559923406176656,0.6684939837244979,0.6956715449750207,0.6956715933985907,0.575539084260976,0.30432840660140925
